{
  "beta0.0": {
    "b_sigma_vech": [
      -1.2420717713332015,
      -0.4609847694554586,
      -0.3000000000000015,
      -1.255372418109743,
      -0.20000000000000068,
      -1.0000000000000004
    ],
    "b_sigma": {
      "s11": -1.2420717713332015,
      "s21": -0.4609847694554586,
      "s31": -0.3000000000000015,
      "s22": -1.255372418109743,
      "s32": -0.20000000000000068,
      "s33": -1.0000000000000004
    },
    "b_mu": [
      -3.503069970984045e-16,
      -3.4920558549245866e-16,
      -2.2049666598275157e-16
    ],
    "fracs": {
      "complete": 0.5000000000000001,
      "p1": 0.25000000000000006,
      "p2": 0.25000000000000006
    },
    "zeroscore_max": 1.0019116184899167e-16,
    "bartlett_max": 2.220446049250313e-16
  },
  "beta0.8": {
    "b_sigma_vech": [
      -1.2400696027825848,
      -0.526305350793379,
      -0.29999999999999716,
      -1.2532602402981097,
      -0.19999999999999735,
      -0.9999999999999992
    ],
    "b_sigma": {
      "s11": -1.2400696027825848,
      "s21": -0.526305350793379,
      "s31": -0.29999999999999716,
      "s22": -1.2532602402981097,
      "s32": -0.19999999999999735,
      "s33": -0.9999999999999992
    },
    "b_mu": [
      8.225903537967395e-16,
      5.776920323019221e-16,
      8.816347900563935e-17
    ],
    "fracs": {
      "complete": 0.5000000000000001,
      "p1": 0.25000000000000006,
      "p2": 0.25000000000000006
    },
    "zeroscore_max": 8.001412032943023e-17,
    "bartlett_max": 6.661338147750939e-16
  },
  "monotone_reduction": {
    "b_sigma_vech": [
      -1.2509128840973678,
      -0.499999999999995,
      -0.30000000000000027,
      -0.9999999999999946,
      -0.19999999999999887,
      -0.999999999999999
    ],
    "b_sigma": {
      "s11": -1.2509128840973678,
      "s21": -0.499999999999995,
      "s31": -0.30000000000000027,
      "s22": -0.9999999999999946,
      "s32": -0.19999999999999887,
      "s33": -0.999999999999999
    },
    "b_mu": [
      1.8083287713127083e-18,
      4.337357364715748e-16,
      2.5051937078285888e-17
    ],
    "fracs": {
      "complete": 0.6477038289538426,
      "p1": 0.35229617104615757,
      "p2": 1.2492586616203713e-22
    },
    "zeroscore_max": 9.709463023900016e-17,
    "bartlett_max": 4.440892098500626e-16
  }
}