{
  "beta0.0": {
    "b_sigma_vech": [
      -1.3911111111118106,
      -0.7222222222229716,
      -0.30000000000016225,
      -1.975418866483485e-13,
      -1.3911111111118528,
      -2.017830347256222e-13,
      -0.3000000000002182,
      -0.9999999999999902,
      -0.5000000000000107,
      -1.0000000000000286
    ],
    "b_sigma": {
      "s11": -1.3911111111118106,
      "s21": -0.7222222222229716,
      "s31": -0.30000000000016225,
      "s41": -1.975418866483485e-13,
      "s22": -1.3911111111118528,
      "s32": -2.017830347256222e-13,
      "s42": -0.3000000000002182,
      "s33": -0.9999999999999902,
      "s43": -0.5000000000000107,
      "s44": -1.0000000000000286
    },
    "b_mu": [
      -8.542190668049755e-16,
      -5.0735486652123e-16,
      3.428219615937394e-16,
      9.48174808245613e-16
    ],
    "fracs": {
      "complete": 0.4,
      "p1": 0.20000000000000004,
      "p2": 0.20000000000000004,
      "p3": 0.20000000000000004
    },
    "zeroscore_max": 8.027508456303438e-16,
    "bartlett_max": 3.552713678800501e-15
  },
  "beta0.4": {
    "b_sigma_vech": [
      -1.3568402451449821,
      -0.7212100125517558,
      -0.30000000000023114,
      -2.77965363139684e-13,
      -1.3568402451450101,
      -2.580158309228864e-13,
      -0.30000000000026233,
      -1.000000000000028,
      -0.5000000000000497,
      -1.00000000000004
    ],
    "b_sigma": {
      "s11": -1.3568402451449821,
      "s21": -0.7212100125517558,
      "s31": -0.30000000000023114,
      "s41": -2.77965363139684e-13,
      "s22": -1.3568402451450101,
      "s32": -2.580158309228864e-13,
      "s42": -0.30000000000026233,
      "s33": -1.000000000000028,
      "s43": -0.5000000000000497,
      "s44": -1.00000000000004
    },
    "b_mu": [
      -3.24910078220004e-14,
      -3.330004428736779e-14,
      -2.7079580542312265e-15,
      -2.229172515893167e-15
    ],
    "fracs": {
      "complete": 0.39889018516504704,
      "p1": 0.19644754491245825,
      "p2": 0.19644754491245825,
      "p3": 0.20821472501003657
    },
    "zeroscore_max": 8.200776192504797e-16,
    "bartlett_max": 3.552713678800501e-15
  },
  "beta0.8": {
    "b_sigma_vech": [
      -1.267218002307286,
      -0.713522326836051,
      -0.30000000064256227,
      -4.1023609984329717e-10,
      -1.2672180024597823,
      2.3866897347346594e-10,
      -0.29999999983255105,
      -0.9999999996982498,
      -0.49999999980531384,
      -0.9999999998761195
    ],
    "b_sigma": {
      "s11": -1.267218002307286,
      "s21": -0.713522326836051,
      "s31": -0.30000000064256227,
      "s41": -4.1023609984329717e-10,
      "s22": -1.2672180024597823,
      "s32": 2.3866897347346594e-10,
      "s42": -0.29999999983255105,
      "s33": -0.9999999996982498,
      "s43": -0.49999999980531384,
      "s44": -0.9999999998761195
    },
    "b_mu": [
      -3.4782490410438764e-10,
      8.812838074972642e-11,
      3.415278808998244e-11,
      2.1199501294939007e-11
    ],
    "fracs": {
      "complete": 0.39667264639911737,
      "p1": 0.1883363529748875,
      "p2": 0.18833635297475534,
      "p3": 0.22665464765124
    },
    "zeroscore_max": 1.1850100761767735e-11,
    "bartlett_max": 4.505400497123446e-10
  },
  "beta1.2": {
    "b_sigma_vech": [
      -1.1444279568877445,
      -0.693374659965747,
      -0.3000004661759514,
      -3.000586192512436e-07,
      -1.1444280968638287,
      -5.375873135538001e-09,
      -0.2999999990298249,
      -0.9999998223095412,
      -0.4999998843226614,
      -0.9999999242329463
    ],
    "b_sigma": {
      "s11": -1.1444279568877445,
      "s21": -0.693374659965747,
      "s31": -0.3000004661759514,
      "s41": -3.000586192512436e-07,
      "s22": -1.1444280968638287,
      "s32": -5.375873135538001e-09,
      "s42": -0.2999999990298249,
      "s33": -0.9999998223095412,
      "s43": -0.4999998843226614,
      "s44": -0.9999999242329463
    },
    "b_mu": [
      -2.325137085188627e-07,
      7.814932829408672e-09,
      -2.9339443500477817e-09,
      -2.5041210600825865e-09
    ],
    "fracs": {
      "complete": 0.39429914104205255,
      "p1": 0.17964000024382284,
      "p2": 0.17963999983334308,
      "p3": 0.24642085888078163
    },
    "zeroscore_max": 1.3248433142210025e-08,
    "bartlett_max": 3.108452579780874e-07
  },
  "add0.0": {
    "b_sigma_vech": [
      -1.3911111111119752,
      -0.7222222222231476,
      -0.3000000000001764,
      -2.2020904019611794e-13,
      -1.3911111111119836,
      -2.3658852654762086e-13,
      -0.30000000000023264,
      -0.9999999999999806,
      -0.5000000000000202,
      -1.0000000000000309
    ],
    "b_sigma": {
      "s11": -1.3911111111119752,
      "s21": -0.7222222222231476,
      "s31": -0.3000000000001764,
      "s41": -2.2020904019611794e-13,
      "s22": -1.3911111111119836,
      "s32": -2.3658852654762086e-13,
      "s42": -0.30000000000023264,
      "s33": -0.9999999999999806,
      "s43": -0.5000000000000202,
      "s44": -1.0000000000000309
    },
    "b_mu": [
      4.414586469907449e-15,
      2.1658304542224843e-15,
      5.959127834121687e-16,
      -7.876528500111825e-16
    ],
    "fracs": {
      "complete": 0.4000000000000001,
      "p1": 0.20000000000000004,
      "p2": 0.20000000000000004,
      "p3": 0.20000000000000004
    },
    "zeroscore_max": 8.339775622638208e-16,
    "bartlett_max": 3.552713678800501e-15
  },
  "add0.4": {
    "b_sigma_vech": [
      -1.388426533993908,
      -0.7440099530424563,
      -0.30000000000017685,
      -2.4608681827901954e-13,
      -1.3884265339939532,
      -2.813860255912459e-13,
      -0.30000000000026206,
      -1.0000000000000377,
      -0.5000000000000602,
      -1.0000000000000564
    ],
    "b_sigma": {
      "s11": -1.388426533993908,
      "s21": -0.7440099530424563,
      "s31": -0.30000000000017685,
      "s41": -2.4608681827901954e-13,
      "s22": -1.3884265339939532,
      "s32": -2.813860255912459e-13,
      "s42": -0.30000000000026206,
      "s33": -1.0000000000000377,
      "s43": -0.5000000000000602,
      "s44": -1.0000000000000564
    },
    "b_mu": [
      -2.8036878547855168e-14,
      -2.0322188314603875e-14,
      1.0141572171412325e-14,
      6.814102022825836e-15
    ],
    "fracs": {
      "complete": 0.40555607185366516,
      "p1": 0.19880737457432718,
      "p2": 0.19880737457432718,
      "p3": 0.1968291789976806
    },
    "zeroscore_max": 7.1952877991909e-16,
    "bartlett_max": 3.064215547965432e-14
  },
  "add0.8": {
    "b_sigma_vech": [
      -1.3767916492273369,
      -0.7878111130760344,
      -0.2999999812809842,
      4.191839900438071e-09,
      -1.3767916452343376,
      -8.813381136008047e-10,
      -0.3000000007356762,
      -1.0000000097868642,
      -0.5000000021340552,
      -1.0000000005205911
    ],
    "b_sigma": {
      "s11": -1.3767916492273369,
      "s21": -0.7878111130760344,
      "s31": -0.2999999812809842,
      "s41": 4.191839900438071e-09,
      "s22": -1.3767916452343376,
      "s32": -8.813381136008047e-10,
      "s42": -0.3000000007356762,
      "s33": -1.0000000097868642,
      "s43": -0.5000000021340552,
      "s44": -1.0000000005205911
    },
    "b_mu": [
      3.708106128946243e-09,
      -1.60602462265857e-09,
      4.876946478520025e-10,
      1.0156536187213278e-10
    ],
    "fracs": {
      "complete": 0.41674304245083904,
      "p1": 0.19598995604705605,
      "p2": 0.19598995604705788,
      "p3": 0.19127704545504712
    },
    "zeroscore_max": 6.887425637949873e-10,
    "bartlett_max": 2.35125301450978e-08
  },
  "add1.2": {
    "b_sigma_vech": [
      -1.3618778801942657,
      -0.8322868173222759,
      -0.299998452862902,
      1.318274370764625e-07,
      -1.361877424521697,
      -5.1099194431358796e-08,
      -0.30000011409449323,
      -1.000000741820783,
      -0.5000000566897843,
      -1.0000000317123798
    ],
    "b_sigma": {
      "s11": -1.3618778801942657,
      "s21": -0.8322868173222759,
      "s31": -0.299998452862902,
      "s41": 1.318274370764625e-07,