{
  "nonmonotone": {
    "scenario": "nonmonotone",
    "b_sigma": {
      "s11": -1.1912171453205909,
      "s12": -0.482034631847175,
      "s22": -1.1912171453205895
    },
    "b_mu": {
      "m1": -0.0011463621260149777,
      "m2": -0.0011463621260109635
    },
    "fracs": {
      "complete": 0.5681451469050275,
      "miss1": 0.21592742562059114,
      "miss2": 0.21592742562059114
    },
    "zeroscore_max": 5.141543996112219e-10,
    "bartlett_max": 1.0283087714668682e-09,
    "mech": {
      "A1": "-0.4",
      "B1": "1.6",
      "A2": "-0.4",
      "B2": "1.6"
    }
  },
  "mcar": {
    "scenario": "mcar",
    "b_sigma": {
      "s11": -1.1912829548643622,
      "s12": -0.47599148872718255,
      "s22": -1.191282954864352
    },
    "b_mu": {
      "m1": -1.0251387293311633e-20,
      "m2": -1.0251387293311635e-20
    },
    "fracs": {
      "complete": 0.5986876589961521,
      "miss1": 0.20065616956963372,
      "miss2": 0.20065616956963372
    },
    "zeroscore_max": 9.235560649578645e-10,
    "bartlett_max": 2.942418975138139e-09,
    "mech": {
      "A1": "-0.4",
      "B1": "0.0",
      "A2": "-0.4",
      "B2": "0.0"
    }
  },
  "monotone_reduction": {
    "scenario": "monotone_reduction",
    "b_sigma": {
      "s11": -1.1549792596337192,
      "s12": -0.4999999965368517,
      "s22": -0.9999999936534927
    },
    "b_mu": {
      "m1": -1.414001773995354e-10,
      "m2": -3.360248398794944e-10
    },
    "fracs": {
      "complete": 0.7840725725244806,
      "miss1": 0.21592742562059114,
      "miss2": -8.683769747761176e-22
    },
    "zeroscore_max": 1.1579333464295516e-09,
    "bartlett_max": 3.381383395506532e-09,
    "mech": {
      "A1": "-0.4",
      "B1": "1.6",
      "A2": "-50.0",
      "B2": "0.0"
    }
  }
}