{
  "b0.0": {
    "b_sigma": {
      "s11": -1.1912829615994984,
      "s12": -0.475991491391346,
      "s22": -1.1912829615994975
    },
    "b_mu": {
      "m1": 2.2570808758259475e-16,
      "m2": 1.1914830020876773e-16
    },
    "fracs": {
      "complete": 0.5986876601124518,
      "miss1": 0.20065616994377397,
      "miss2": 0.20065616994377397
    },
    "zeroscore_max": 1.5704236731571193e-15,
    "bartlett_max": 4.773959005888173e-15,
    "mech": {
      "a1": -0.4,
      "b1": 0.0,
      "a2": -0.4,
      "b2": 0.0
    }
  },
  "b0.4": {
    "b_sigma": {
      "s11": -1.1896217568222407,
      "s12": -0.47710310356188085,
      "s22": -1.1896217568222436
    },
    "b_mu": {
      "m1": -7.614393449113509e-05,
      "m2": -7.614393449117382e-05
    },
    "fracs": {
      "complete": 0.5951532796946739,
      "miss1": 0.202423360152663,
      "miss2": 0.20242336015266296
    },
    "zeroscore_max": 1.5439038936193583e-15,
    "bartlett_max": 4.773959005888173e-15,
    "mech": {
      "a1": -0.4,
      "b1": 0.4,
      "a2": -0.4,
      "b2": 0.4
    }
  },
  "b0.8": {
    "b_sigma": {
      "s11": -1.1874881579513936,
      "s12": -0.47897914585620693,
      "s22": -1.187488157951392
    },
    "b_mu": {
      "m1": -0.0003917257688105742,
      "m2": -0.00039172576881092236
    },
    "fracs": {
      "complete": 0.5868061326390629,
      "miss1": 0.2065969336804685,
      "miss2": 0.2065969336804685
    },
    "zeroscore_max": 1.4988010832439613e-15,
    "bartlett_max": 4.6629367034256575e-15,
    "mech": {
      "a1": -0.4,
      "b1": 0.8,
      "a2": -0.4,
      "b2": 0.8
    }
  },
  "b1.2": {
    "b_sigma": {
      "s11": -1.1879948517699164,
      "s12": -0.4805991555470808,
      "s22": -1.1879948517699128
    },
    "b_mu": {
      "m1": -0.0007993872481973357,
      "m2": -0.0007993872481973775
    },
    "fracs": {
      "complete": 0.5771685875612981,
      "miss1": 0.21141570621935085,
      "miss2": 0.2114157062193508
    },
    "zeroscore_max": 1.4224732503009818e-15,
    "bartlett_max": 4.440892098500626e-15,
    "mech": {
      "a1": -0.4,
      "b1": 1.2,
      "a2": -0.4,
      "b2": 1.2
    }
  },
  "b1.6": {
    "b_sigma": {
      "s11": -1.1912171453634937,
      "s12": -0.4820346365730676,
      "s22": -1.191217145363207
    },
    "b_mu": {
      "m1": -0.0011463620111416108,
      "m2": -0.0011463620112145052
    },
    "fracs": {
      "complete": 0.5681451478319717,
      "miss1": 0.21592742608405308,
      "miss2": 0.21592742608397503
    },
    "zeroscore_max": 1.394717674685353e-15,
    "bartlett_max": 4.3298697960381105e-15,
    "mech": {
      "a1": -0.4,
      "b1": 1.6,
      "a2": -0.4,
      "b2": 1.6
    }
  },
  "monotone_reduction": {
    "b_sigma": {
      "s11": -1.1549792658342573,
      "s12": -0.4999999999998047,
      "s22": -0.9999999999998482
    },
    "b_mu": {
      "m1": 1.8228205014961823e-14,
      "m2": -9.359185852477614e-16
    },
    "fracs": {
      "complete": 0.7840725739159466,
      "miss1": 0.21592742608405308,
      "miss2": 9.643749239819588e-23
    },
    "zeroscore_max": 1.9845236565174673e-15,
    "bartlett_max": 6.106226635438361e-15,
    "mech": {
      "a1": -0.4,
      "b1": 1.6,
      "a2": -50.0,
      "b2": 0.0
    }
  }
}