{
  "b0.0": {
    "b_sigma_vech": [
      -1.191282961599635,
      -0.475991491391517,
      -1.1912829615996363
    ],
    "b_sigma": {
      "s11": -1.191282961599635,
      "s21": -0.475991491391517,
      "s22": -1.1912829615996363
    },
    "b_mu": [
      1.918036844607218e-16,
      8.484038021288762e-17
    ],
    "fracs": {
      "complete": 0.5986876601124518,
      "miss1": 0.20065616994377397,
      "miss2": 0.20065616994377397
    },
    "zeroscore_max": 2.1014418275608125e-16,
    "bartlett_max": 4.440892098500626e-16
  },
  "b0.4": {
    "b_sigma_vech": [
      -1.1896217568223797,
      -0.477103103562057,
      -1.1896217568223868
    ],
    "b_sigma": {
      "s11": -1.1896217568223797,
      "s21": -0.477103103562057,
      "s22": -1.1896217568223868
    },
    "b_mu": [
      -7.614393449463346e-05,
      -7.614393449464907e-05
    ],
    "fracs": {
      "complete": 0.5951532796946739,
      "miss1": 0.202423360152663,
      "miss2": 0.20242336015266296
    },
    "zeroscore_max": 2.0469737016526324e-16,
    "bartlett_max": 6.661338147750939e-16
  },
  "b0.8": {
    "b_sigma_vech": [
      -1.1874881579515342,
      -0.47897914585638646,
      -1.1874881579515342
    ],
    "b_sigma": {
      "s11": -1.1874881579515342,
      "s21": -0.47897914585638646,
      "s22": -1.1874881579515342
    },
    "b_mu": [
      -0.00039172576881663264,
      -0.00039172576881692234
    ],
    "fracs": {
      "complete": 0.5868061326390629,
      "miss1": 0.2065969336804685,
      "miss2": 0.2065969336804685
    },
    "zeroscore_max": 1.942890293094024e-16,
    "bartlett_max": 4.440892098500626e-16
  },
  "b1.2": {
    "b_sigma_vech": [
      -1.187994851770049,
      -0.4805991555472541,
      -1.1879948517700507
    ],
    "b_sigma": {
      "s11": -1.187994851770049,
      "s21": -0.4805991555472541,
      "s22": -1.1879948517700507
    },
    "b_mu": [
      -0.0007993872482059926,
      -0.000799387248205996
    ],
    "fracs": {
      "complete": 0.5771685875612981,
      "miss1": 0.21141570621935085,
      "miss2": 0.2114157062193508
    },
    "zeroscore_max": 2.0816681711721685e-16,
    "bartlett_max": 6.661338147750939e-16
  },
  "b1.6": {
    "b_sigma_vech": [
      -1.1912171453636426,
      -0.4820346365732544,
      -1.1912171453633518
    ],
    "b_sigma": {
      "s11": -1.1912171453636426,
      "s21": -0.4820346365732544,
      "s22": -1.1912171453633518
    },
    "b_mu": [
      -0.0011463620111524311,
      -0.0011463620112254908
    ],
    "fracs": {
      "complete": 0.5681451478319717,
      "miss1": 0.21592742608405308,
      "miss2": 0.21592742608397503
    },
    "zeroscore_max": 2.0122792321330962e-16,
    "bartlett_max": 6.661338147750939e-16
  },
  "monotone_reduction": {
    "b_sigma_vech": [
      -1.1549792658344442,
      -0.4999999999999999,
      -0.9999999999999988
    ],
    "b_sigma": {
      "s11": -1.1549792658344442,
      "s21": -0.4999999999999999,
      "s22": -0.9999999999999988
    },
    "b_mu": [
      5.117370411570179e-16,
      8.1878948066105285e-16
    ],
    "fracs": {
      "complete": 0.7840725739159466,
      "miss1": 0.21592742608405308,
      "miss2": 9.643749239819588e-23
    },
    "zeroscore_max": 2.498001805406602e-16,
    "bartlett_max": 8.881784197001252e-16
  }
}